[{
        "identifier_l2": "APP08",
        "name_th": "เครื่องใช้ไฟฟ้าในครัวขนาดเล็ก"
    },
    {
        "identifier_l2": "APP05",
        "name_th": "พัดลม"
    },
    {
        "identifier_l2": "APP12",
        "name_th": "เครื่องดูดฝุ่น"
    },
    {
        "identifier_l2": "APP16",
        "name_th": "สุขภาพและความงาม"
    },
    {
        "identifier_l2": "APP07",
        "name_th": "เตารีด"
    },
    {
        "identifier_l2": "APP02",
        "name_th": "เครื่องฟอกอากาศ"
    },
    {
        "identifier_l2": "APP04",
        "name_th": "อะไหล่เครื่องใช้ไฟฟ้า"
    },
    {
        "identifier_l2": "KIT03",
        "name_th": "ภาชนะบรรจุอาหาร"
    },
    {
        "identifier_l2": "APP11",
        "name_th": "ชุดเครื่องใช้ไฟฟ้าเล็ก"
    },
    {
        "identifier_l2": "HHP09",
        "name_th": "ของใช้ส่วนตัว"
    },
    {
        "identifier_l2": "HHP14",
        "name_th": "ผลิตภัณฑ์แม่และเด็ก"
    },
    {
        "identifier_l2": "APP15",
        "name_th": "เครื่องทำความร้อน"
    }
]